States,Log-Likelihood,Parameters,AIC,BIC
1,-5576.0204174564105,7,11166.040834912821,11199.887127015852
2,-4783.907651447644,16,9599.815302895287,9677.178256273644
3,-4453.957579201661,27,8961.915158403322,9092.465142229299
4,-4268.8399158237635,40,8617.679831647527,8811.08721509342
5,-4261.190800103363,55,8632.381600206725,8898.316752444827
6,-4129.961641798356,72,8403.923283596712,8752.056573799318
7,-4239.644417467482,91,8661.288834934963,9101.290632274367
8,-4221.536048834683,112,8667.072097669366,9208.612771317865
